asin,review_count,avg_rating,total_helpful_votes,avg_helpful_votes,verified_percentage,avg_review_length
B007IAE5WY,1952,4.62,1741,0.892,96.21,201.0
B00EEN2HCS,1726,4.137,3232,1.873,98.2,249.0
B07C533XCW,1500,4.465,212,0.141,98.8,131.0
B00R1TAN7I,1362,4.029,1034,0.759,92.73,140.0
B08L5KN7X4,1328,4.012,4184,3.151,96.84,153.0
B019GBG0IE,1319,3.536,1911,1.449,98.03,204.0
B0719KWG8H,1160,4.478,476,0.41,95.6,113.0
B0092MCQZ4,1123,3.98,2452,2.183,94.48,181.0
B0107QYW14,1105,3.931,645,0.584,98.28,83.0
B0070Z7KME,923,4.288,2549,2.762,95.99,173.0
B012Q9NGE4,856,4.047,390,0.456,69.39,298.0
B07ZJKVVLW,831,4.276,4309,5.185,99.28,135.0
B074KD4PX2,777,3.882,1066,1.372,98.07,153.0
B005BZQHEC,772,4.747,381,0.494,92.75,192.0
B07TK2PSJF,755,3.913,358,0.474,99.6,111.0
B08B1PR9C7,749,4.603,137,0.183,91.05,191.0
B004H5D40W,737,3.269,358,0.486,90.77,164.0
B07FSCR54M,683,4.843,119,0.174,99.71,103.0
B06Y44MMT6,640,4.488,437,0.683,98.75,145.0
B000FEF1V4,612,4.124,671,1.096,79.58,492.0
B000GBMYC0,607,4.478,648,1.068,92.42,150.0
B07K7VD98J,600,4.672,390,0.65,95.83,207.0
B01DUYNJL4,573,4.524,394,0.688,98.78,119.0
B005IYYF5E,565,4.09,686,1.214,97.17,119.0
B074PPN885,565,3.95,1019,1.804,96.81,116.0
