user_id,reviews_written,avg_rating_given,total_helpful_received,avg_helpful_received,verified_percentage
AG73BVBKUOH22USSFJA5ZWL7AKXA,165,4.533,52,0.315,0.61
AEZP6Z2C5AVQDZAJECQYZWQRNG3Q,146,4.13,12,0.082,0.0
AEMP3A7IKW37CMWFXNKXWW6HGJHA_1,115,3.974,87,0.757,1.74
AGZUJTI7A3JFKB4FP5JOH6NVAJIQ_1,87,4.724,24,0.276,1.15
AFDYIK3FNPY2JFBQYUWC6GSBMIRQ_2,83,3.988,81,0.976,8.43
AFXF3EGQTQDXMRLDWFU7UBFQZB7Q,81,3.568,57,0.704,0.0
AEJU3Z6HDAERETMYI2CXBQVPPDFA,79,4.418,76,0.962,2.53
AHY2TURQPNIDXZGH2CMQLZ343YMQ,69,4.565,8,0.116,0.0
AEOK4TQIKGO23SJKZ6PW4FETNNDA_1,68,4.235,40,0.588,1.47
AEAXAJACFMXIAAH4WOHRMXPSZWFA,65,4.754,56,0.862,4.62
AFDYIK3FNPY2JFBQYUWC6GSBMIRQ_1,64,3.953,77,1.203,0.0
AEHWKRPNWNMOAJSMO2F6O7RFRTNA,62,5.0,28,0.452,0.0
AF2BLE54TEMGZ546U763ZHZRXC4A,62,4.194,148,2.387,8.06
AH3BXW7KLIS2VAE56UXJS2NS7I5A,58,3.948,25,0.431,0.0
AHPGHDFIU3BUB3RQBP56RQQA7W4Q,57,4.614,24,0.421,0.0
AHGIDR4IJFS23Q4GTZ33FI5LYDSQ_1,56,4.286,78,1.393,0.0
AF2YKZQRMRGJ655I3MKQUYFGRQGA,54,3.611,22,0.407,11.11
AGYVC7KVHP2AWM7BDCEYNHFA6F3Q,54,4.556,7,0.13,0.0
AHDVSLWHSORYGG3S5QZMVDFNOXUQ,54,4.667,38,0.704,0.0
AEODUUL6REW3PW2ZGFREKGWBYUZA,48,4.562,79,1.646,2.08
AE5ESL52LWWBJTSFOAXSFZA3XCGQ,47,3.979,13,0.277,0.0
AGFAOH3NMW2D7YV3QVZSTXMTSKIQ,47,3.851,33,0.702,0.0
AG4D44BNNLUEZNG7COK2CNRYUHYQ,47,3.596,28,0.596,0.0
AHV6QCNBJNSGLATP56JAWJ3C4G2A,46,4.261,23,0.5,6.52
AGOLMT3QETKYNESRYKBA6D7XXS7A,46,4.717,11,0.239,0.0
AGFLDIUYV2PKF5Q7IEMULR52GW2Q,43,4.023,2,0.047,0.0
AHGQDSOBAIVAAKJFIVEGS344MSXA,43,4.256,3,0.07,0.0
AHPG65LKS3QKRWDUWAKZNLEK5RZQ,42,4.619,0,0.0,0.0
AHPG65LKS3QKRWDUWAKZNLEK5RZQ_1,42,4.619,0,0.0,0.0
AECADZLPUNH3BDNACLFF7PSHN5MQ,40,4.825,8,0.2,0.0
AHBWH2LBU3NFLD46GKJKIBAHKXEQ,39,4.051,6,0.154,0.0
AHT6AM6BNIZUHFJB5V2M6XM72G7Q,39,4.487,1,0.026,2.56
AFNCHMAKUAJOGVCKOA4XGLINHPDQ,38,4.421,15,0.395,0.0
AFQQQ5LGNSQUEBGDCYBAZZE5T3DA,37,5.0,113,3.054,5.41
AFUWF5DARSSBPDLHSY67Q3LCI54Q,37,4.919,16,0.432,2.7
AHYOSWORVZFXM5QMRIAW3JTTFFIQ,37,4.351,19,0.514,2.7
AFPPNF3RSFMMNC5UAM6V4B475MBQ,36,4.889,9,0.25,2.78
AGN5KJZU3FYSKVWXWM66LXYWL5CQ,35,4.2,1,0.029,0.0
AFZIHXLLRIZYAZDRCGC3Z4DYUMQQ,35,3.914,8,0.229,0.0
AEH7RAIDBU7QALXTMWAA73PTL4JA,34,4.441,20,0.588,0.0
AEYVPPWR4CIKWX4BGYKCBCDL2CZQ,33,4.121,7,0.212,0.0
AES3YWD3ONJOUDRWFIV2ZO44QDAQ,33,3.909,42,1.273,0.0
AGV5NQ4JDQD6NHXVF6AVZPVDX66Q,32,4.281,16,0.5,3.12
AGQIUTI7M4XUGCRV6E66FAOCX5PQ,32,4.125,0,0.0,0.0
AGWF6BTLJVQQ2N2R5PKNJOLY65GQ,31,3.935,11,0.355,0.0
AH5HSMUMRJRDWBPFDQ6G3EAAOSFQ,31,4.484,3,0.097,0.0
AE5GH4VM5Q5HNUL4EOAYRLNB7RVA,31,4.226,24,0.774,6.45
AHX2B4DEER2QR3IU3CCNB3CWC6TA,31,4.806,10,0.323,0.0
AGXMWJK3YL4SV5FJ27JEJZPZHRBA,30,4.1,13,0.433,0.0
AE5IMGWRBJA7JQFBQTBK25HDYGVA,30,3.367,7,0.233,0.0
